<?xml version="1.0" encoding="UTF-8"?>
<CustomField xmlns="http://soap.sforce.com/2006/04/metadata">
    <fullName>Custom_Links_Header__c</fullName>
    <externalId>false</externalId>
    <fieldManageability>DeveloperControlled</fieldManageability>
    <label>Custom Links Header</label>
    <referenceTo>Custom_Links_Header__mdt</referenceTo>
    <relationshipLabel>Custom Links Items</relationshipLabel>
    <relationshipName>Custom_Links_Items</relationshipName>
    <required>false</required>
    <type>MetadataRelationship</type>
    <unique>false</unique>
</CustomField>
