<?xml version="1.0" encoding="UTF-8"?>
<LightningComponentBundle xmlns="http://soap.sforce.com/2006/04/metadata">
    <apiVersion>56.0</apiVersion>
    <isExposed>true</isExposed>
    <targets>
        <target>lightning__AppPage</target>
        <target>lightning__RecordPage</target>
        <target>lightning__HomePage</target>
        <target>lightning__UtilityBar</target>
    </targets>
    <targetConfigs>
        <targetConfig targets="lightning__AppPage, lightning__HomePage, lightning__RecordPage, lightning__UtilityBar">
            <!-- TODO make datasource dynamically grab all of the link headers datasource="Competitive_Websites, External_URLs, Addition" -->
            <property name="props" type="String" label="Please specify the exact api metadata of the link header that you would like"/>
            <property name="icon" type="String" label="Please select one of the Standard icon for this component using this list: https://www.lightningdesignsystem.com/icons/#utility"/>
        </targetConfig>  
    </targetConfigs>
</LightningComponentBundle>